{"options":{"check_for_updates":true,"comment":null,"compat_foreach":false,"compat_metadata":false,"compat_powerful_this":null,"compat_prototypes":false,"compat_wrappedjsobject":false,"compatopts_for_requires":true,"noframes":null,"override":{"merge_connects":true,"merge_excludes":true,"merge_includes":true,"merge_matches":true,"orig_connects":["www.baidu.com","*"],"orig_excludes":[],"orig_includes":["*://www.google*"],"orig_matches":["*://www.baidu.com/*","*://tieba.baidu.com/*","*://v.baidu.com/*","*://xueshu.baidu.com/*","*://www.google.com/*","*://docs.google.com/*","*://mail.google.com/*","*://play.google.com/*","*://youtube.com/watch?v=*","*://youtube.com/channel/*","*://encrypted.google.com/*","*://www.so.com/*","*://www.zhihu.com/*","*://daily.zhihu.com/*","*://zhuanlan.zhihu.com/*","*://weibo.com/*","*://twitter.com/*","*://www.sogou.com/*","*://juejin.im/*","*://juejin.cn/*","*://mail.qq.com/*","*://addons.mozilla.org/*","*://www.jianshu.com/*","*://www.douban.com/*","*://getpocket.com/*","*://www.dogedoge.com/*","*://51.ruyo.net/*","*://steamcommunity.com/*","*://mijisou.com/*","*://blog.csdn.net/*","*://*.oschina.net/*","*://app.yinxiang.com/*","*://www.logonews.cn/*","*://afdian.net/*","*://blog.51cto.com/*"],"orig_noframes":null,"orig_run_at":"document-start","use_blockers":[],"use_connects":["tieba.baidu.com","baidu.com","sina.com.cn","sohu.com","linkedin.com","1905.com","dict.qsbdc.com","www.64817.com","summit-electronics.com","www.healthevolution.com","power-states.com","*"],"use_excludes":["/(^[^:\\/#\\?]*:\\/\\/([^#\\?\\/]*\\.)?www\\.baidu\\.com(:[0-9]{1,5})?\\/.*$)/"],"use_includes":[],"use_matches":[]},"run_at":null,"tab_types":null,"unwrap":null},"settings":{"enabled":true,"position":1},"meta":{"name":"anti-redirect","uuid":"3e4d61c1-a73f-4b37-b89c-eb2446e1a3a3","modified":1665300526153,"file_url":"https://greasyfork.org/scripts/11915-anti-redirect/code/anti-redirect.user.js"}}