{"options":{"check_for_updates":true,"comment":null,"compat_foreach":false,"compat_metadata":false,"compat_powerful_this":null,"compat_prototypes":false,"compat_wrappedjsobject":false,"compatopts_for_requires":true,"noframes":null,"override":{"merge_connects":true,"merge_excludes":true,"merge_includes":true,"merge_matches":true,"orig_connects":[],"orig_excludes":[],"orig_includes":[],"orig_matches":["https://azure.microsoft.com/*/products/cognitive-services/text-to-speech/*"],"orig_noframes":null,"orig_run_at":"document-end","use_blockers":[],"use_connects":[],"use_excludes":[],"use_includes":[],"use_matches":[]},"run_at":null,"tab_types":null,"unwrap":null},"settings":{"enabled":true,"position":39},"meta":{"name":"Azure Speech Download","uuid":"4c479d50-cf3c-4382-9db8-593f726b3fcc","modified":1665300529728,"file_url":"https://greasyfork.org/scripts/444347-azure-speech-download/code/Azure%20Speech%20Download.user.js"}}