{"options":{"check_for_updates":true,"comment":null,"compat_foreach":false,"compat_metadata":false,"compat_powerful_this":null,"compat_prototypes":false,"compat_wrappedjsobject":false,"compatopts_for_requires":true,"noframes":null,"override":{"merge_connects":true,"merge_excludes":true,"merge_includes":true,"merge_matches":true,"orig_connects":[],"orig_excludes":[],"orig_includes":[],"orig_matches":["*://blog.csdn.net/*/article/details/*"],"orig_noframes":null,"orig_run_at":"document-end","use_blockers":[],"use_connects":[],"use_excludes":[],"use_includes":[],"use_matches":[]},"run_at":null,"tab_types":null,"unwrap":null},"settings":{"enabled":false,"position":7},"meta":{"name":"CSDN优雅美化脚本-免登陆+旧版两栏+屏宽自动适配+自动展开+去广告","uuid":"8b2a3502-f70c-4a3f-8274-017acce4103a","modified":1622821614646,"file_url":"https://greasyfork.org/scripts/373974-csdn%E4%BC%98%E9%9B%85%E7%BE%8E%E5%8C%96%E8%84%9A%E6%9C%AC-%E5%85%8D%E7%99%BB%E9%99%86-%E6%97%A7%E7%89%88%E4%B8%A4%E6%A0%8F-%E5%B1%8F%E5%AE%BD%E8%87%AA%E5%8A%A8%E9%80%82%E9%85%8D-%E8%87%AA%E5%8A%A8%E5%B1%95%E5%BC%80-%E5%8E%BB%E5%B9%BF%E5%91%8A/code/CSDN%E4%BC%98%E9%9B%85%E7%BE%8E%E5%8C%96%E8%84%9A%E6%9C%AC-%E5%85%8D%E7%99%BB%E9%99%86+%E6%97%A7%E7%89%88%E4%B8%A4%E6%A0%8F+%E5%B1%8F%E5%AE%BD%E8%87%AA%E5%8A%A8%E9%80%82%E9%85%8D+%E8%87%AA%E5%8A%A8%E5%B1%95%E5%BC%80+%E5%8E%BB%E5%B9%BF%E5%91%8A.user.js"}}