{"options":{"check_for_updates":false,"comment":null,"compat_foreach":false,"compat_metadata":false,"compat_powerful_this":null,"compat_prototypes":false,"compat_wrappedjsobject":false,"compatopts_for_requires":true,"noframes":null,"override":{"merge_connects":true,"merge_excludes":true,"merge_includes":true,"merge_matches":true,"orig_connects":[],"orig_excludes":[],"orig_includes":["https://bbs.csdn.net/topics/*","https://*.iteye.com/blog/*","https://*.iteye.com/news/*","https://ask.csdn.net/questions/*"],"orig_matches":["*://blog.csdn.net/*/article/details/*","*://*.blog.csdn.net/article/details/*","<$URL$>"],"orig_noframes":null,"orig_run_at":"document-start","use_blockers":[],"use_connects":[],"use_excludes":[],"use_includes":[],"use_matches":[]},"run_at":null,"tab_types":null,"unwrap":null},"settings":{"enabled":true,"position":8},"meta":{"name":"CSDN 去广告沉浸阅读模式","uuid":"73f38f46-b665-4524-b20b-574d3f380aea","modified":1651918219452,"file_url":"https://greasyfork.org/scripts/373457-csdn-%E5%8E%BB%E5%B9%BF%E5%91%8A%E6%B2%89%E6%B5%B8%E9%98%85%E8%AF%BB%E6%A8%A1%E5%BC%8F/code/CSDN%20%E5%8E%BB%E5%B9%BF%E5%91%8A%E6%B2%89%E6%B5%B8%E9%98%85%E8%AF%BB%E6%A8%A1%E5%BC%8F.user.js"}}