{"options":{"check_for_updates":true,"comment":null,"compat_foreach":false,"compat_metadata":false,"compat_powerful_this":null,"compat_prototypes":false,"compat_wrappedjsobject":false,"compatopts_for_requires":true,"noframes":null,"override":{"merge_connects":true,"merge_excludes":true,"merge_includes":true,"merge_matches":true,"orig_connects":[],"orig_excludes":[],"orig_includes":[],"orig_matches":["*://*.csdn.net/*"],"orig_noframes":null,"orig_run_at":"document-idle","use_blockers":[],"use_connects":[],"use_excludes":[],"use_includes":[],"use_matches":[]},"run_at":null,"tab_types":null,"unwrap":null},"settings":{"enabled":true,"position":33},"meta":{"name":"CSDN屏蔽会员资源","uuid":"cad441b8-a3db-45c2-b8d2-cd0854377740","modified":1647137282233,"file_url":"https://greasyfork.org/scripts/432452-csdn%E5%B1%8F%E8%94%BD%E4%BC%9A%E5%91%98%E8%B5%84%E6%BA%90/code/CSDN%E5%B1%8F%E8%94%BD%E4%BC%9A%E5%91%98%E8%B5%84%E6%BA%90.user.js"}}