{"options":{"check_for_updates":true,"comment":null,"compat_foreach":false,"compat_metadata":false,"compat_powerful_this":null,"compat_prototypes":false,"compat_wrappedjsobject":false,"compatopts_for_requires":true,"noframes":null,"override":{"merge_connects":true,"merge_excludes":true,"merge_includes":true,"merge_matches":true,"orig_connects":[],"orig_excludes":[],"orig_includes":[],"orig_matches":["https://*.github.com/*/*"],"orig_noframes":null,"orig_run_at":"document-idle","use_blockers":[],"use_connects":[],"use_excludes":[],"use_includes":[],"use_matches":[]},"run_at":null,"tab_types":null,"unwrap":null},"settings":{"enabled":false,"position":32},"meta":{"name":"github一键在线编辑","uuid":"48eb655f-317b-4ee6-b3b3-dc5258014b03","modified":1643490145275,"file_url":"https://greasyfork.org/scripts/429698-github%E4%B8%80%E9%94%AE%E5%9C%A8%E7%BA%BF%E7%BC%96%E8%BE%91/code/github%E4%B8%80%E9%94%AE%E5%9C%A8%E7%BA%BF%E7%BC%96%E8%BE%91.user.js"}}