{"options":{"check_for_updates":true,"comment":null,"compat_foreach":false,"compat_metadata":false,"compat_powerful_this":null,"compat_prototypes":false,"compat_wrappedjsobject":false,"compatopts_for_requires":true,"noframes":null,"override":{"merge_connects":true,"merge_excludes":true,"merge_includes":true,"merge_matches":true,"orig_connects":[],"orig_excludes":["http*://www.google.com/recaptcha/*","https://www.startpage.com/*/ads?*"],"orig_includes":["http*://www.google.*/*","http*://www.google.co*.*/*","http*://news.google.*/*","http*://encrypted.google.*/*","http*://startpage.com/*","http*://*.startpage.com/*","http*://duckduckgo.com/*","http*://start.duckduckgo.com/*","http*://safe.duckduckgo.com/*","http*://3g2upl4pq6kufc4m.onion/*","http*://www.bing.com/*","http*://*search.yahoo.com/*","http*://search.yahoo.co.jp/*","http*://www.yandex.com/*","http*://yandex.com/*","http*://searx.*/*","http*://www.qwant.com/*","http*://www.qwantjunior.com/*","http*://www.baidu.com/*","https://www.ecosia.org/search*"],"orig_matches":[],"orig_noframes":null,"orig_run_at":"document-idle","use_blockers":[],"use_connects":[],"use_excludes":[],"use_includes":[],"use_matches":[]},"run_at":null,"tab_types":null,"unwrap":null},"settings":{"enabled":false,"position":38},"meta":{"name":"Google Hit Hider by Domain (Search Filter / Block Sites)","uuid":"cc7e6f29-7c75-468b-aedc-11ccba22c1f2","modified":1651918830567,"file_url":"https://greasyfork.org/scripts/1682-google-hit-hider-by-domain-search-filter-block-sites/code/Google%20Hit%20Hider%20by%20Domain%20(Search%20Filter%20%20Block%20Sites).user.js"}}