{"options":{"check_for_updates":true,"comment":null,"compat_foreach":false,"compat_metadata":false,"compat_powerful_this":null,"compat_prototypes":false,"compat_wrappedjsobject":false,"compatopts_for_requires":true,"noframes":null,"override":{"merge_connects":true,"merge_excludes":true,"merge_includes":true,"merge_matches":true,"orig_connects":["wedata.net","githubusercontent.com","ghproxy.com","hoothin.github.io","*"],"orig_excludes":["http://www.toodledo.com/tasks/*","http*://maps.google.com*/*","*://www.google.*/_/chrome/newtab*","*://mega.*/*","*://*.mega.*/*","*://*.youku.com/v_*","*://*pan.baidu.com","*://*.iqiyi.com/v_*","*://*.iqiyi.com/w_*","*://*.iqiyi.com/a_*","*://*.le.com/ptv/vplay/*","*://v.qq.com/x/cover/*","*://v.qq.com/x/page/*","*://v.qq.com/tv/*","*://*.tudou.com/listplay/*","*://*.tudou.com/albumplay/*","*://*.tudou.com/programs/view/*","*://*.mgtv.com/b/*","*://film.sohu.com/album/*","*://tv.sohu.com/v/*","*://*.bilibili.com/video/*","*://*.bilibili.com/bangumi/play/*","*://*.baofeng.com/play/*","*://vip.pptv.com/show/*","*://v.pptv.com/show/*","*://www.le.com/ptv/vplay/*","*://www.wasu.cn/Play/show/*","*://m.v.qq.com/*","*://m.iqiyi.com/*","*://m.youku.com/alipay_video/*","*://m.mgtv.com/b/*","*://m.tv.sohu.com/v/*","*://m.film.sohu.com/album/*","*://m.le.com/ptv/vplay/*","*://m.pptv.com/show/*","*://m.acfun.cn/v/*","*://m.bilibili.com/video/*","*://m.bilibili.com/anime/*","*://m.bilibili.com/bangumi/play/*","*://m.wasu.cn/Play/show/*","*://www.youtube.com","*://www.youtube.com/*","*://twitter.com/*","*://www.youtube.com/watch*","*://baike.baidu.com/*","*://*.instagram.com/*","*://order.jd.com/*","*://pagetual.hoothin.com/*","*://wenku.baidu.com/view/*","*://pan.baidu.com/*"],"orig_includes":[],"orig_matches":["*://*/*"],"orig_noframes":null,"orig_run_at":"document-idle","use_blockers":[],"use_connects":["new.cnzz.com","umeng.com","www.osheep.cn","wenku.baidu.com","www.bigtspace.com","vip.book.sina.com.cn","www.google.com","daxue.sina.cn","uiiiuiii.com","m.baidu.com","weibo.com","account.aliyun.com","js.aizhan.com","icolak.com"],"use_excludes":["/^[^:/#?]*:\\/\\/([^#?/]*\\.)?python3-cookbook\\.readthedocs\\.io(:[0-9]{1,5})?\\/.*$/"],"use_includes":[],"use_matches":[]},"run_at":null,"tab_types":null,"unwrap":null},"settings":{"enabled":true,"position":45},"meta":{"name":"Pagetual","uuid":"8d496d7b-2108-4cce-8942-4814c5a01f5b","modified":1669713513729,"file_url":"https://greasyfork.org/scripts/438684-pagetual/code/Pagetual.user.js"}}