{"options":{"check_for_updates":true,"comment":null,"compat_foreach":false,"compat_metadata":false,"compat_powerful_this":null,"compat_prototypes":false,"compat_wrappedjsobject":false,"compatopts_for_requires":true,"noframes":null,"override":{"merge_connects":true,"merge_excludes":true,"merge_includes":true,"merge_matches":true,"orig_connects":[],"orig_excludes":[],"orig_includes":["/^https?:\\/\\/www\\.google\\..{2,7}url/"],"orig_matches":["*://www.jianshu.com/go-wild*","*://link.zhihu.com/*","*://t.cn/*","*://weibo.cn/sinaurl*","*://mail.qq.com/cgi-bin/*","*://c.pc.qq.com/middlem.html*","*://app.yinxiang.com/OutboundRedirect.action*","*://jump.bdimg.com/safecheck/*","*://jump2.bdimg.com/safecheck/*","*://link.csdn.net/*","*://www.youtube.com/redirect*","*://weixin110.qq.com/cgi-bin/mmspamsupport-bin/newredirectconfirmcgi*","*://developers.weixin.qq.com/community/middlepage/href*","*://www.itdaan.com/link/*","*://www.douban.com/link2/*","*://www.360doc.com/content/*","*://www.pixiv.net/jump.php*","*://m.sogou.com/*/tc*","*://m.sogou.com*/tc*","*://www.chinaz.com/go.shtml*","*://www.oschina.net/action/GoToLink*","*://link.juejin.cn/*","*://docs.qq.com/scenario/link.html*","*://www.pc6.com/goread.html*","*://afdian.net/link*","*://gitee.com/link*","*://www.tianyancha.com/security*","*://aiqicha.baidu.com/safetip*","*://www.qcc.com/web/transfer-link*","*://link.uisdc.com/*","*://blog.51cto.com/transfer*","*://leetcode.cn/link*","*://huaban.com/go*","*://security.feishu.cn/link/safety*","*://redirect.epicgames.com/*","*://steamcommunity.com/linkfilter/*","*://www.yuque.com/r/goto*"],"orig_noframes":null,"orig_run_at":"document-start","use_blockers":[],"use_connects":[],"use_excludes":[],"use_includes":[],"use_matches":[]},"run_at":null,"tab_types":null,"unwrap":null},"settings":{"enabled":true,"position":49},"meta":{"name":"redirect 外链跳转","uuid":"86fb6868-afd2-4c74-82c2-c55f15c5a6a9","modified":1669107196779,"file_url":"https://greasyfork.org/scripts/416338-redirect-%E5%A4%96%E9%93%BE%E8%B7%B3%E8%BD%AC/code/redirect%20%E5%A4%96%E9%93%BE%E8%B7%B3%E8%BD%AC.user.js"}}