{"action_menu_columns":"1","action_menu_scripts_hide_disabled":false,"action_menu_scripts_sort":"auto","appearance_badge_color":"#ee3131","appearance_badges":"off","configMode":100,"connect_mode":"ask","default_tab_types":"incognito+normal","enabled":true,"external_connect":"all","external_update_interval":2592000000,"forbiddenPages":["*example.org/*","*paypal.tld/*","*stripe.com/*","https://*deutsche-bank-24.tld/*","https://*bankofamerica.tld/*","/^.*:\\/\\/apis\\.google\\.com\\/((?!render)([^\\/]+)\\/)+([^\\/]+)?$/","*://www.facebook.com/plugins/*","*://platform.twitter.com/widgets/*","/^[^:/#?]*:\\/\\/([^#?/]*\\.)?www\\.jianshu\\.com(:[0-9]{1,5})?\\/.*$/","/^[^:/#?]*:\\/\\/([^#?/]*\\.)?ation126-ation126-","/^[^:/#?]*:\\/\\/([^#?/]*\\.)?ation126-ation126-","/^[^:/#?]*:\\/\\/([^#?/]*\\.)?zhuanlan\\.zhihu\\.com(:[0-9]{1,5})?\\/.*$/","/^[^:/#?]*:\\/\\/([^#?/]*\\.)?ation126-jupyter-","\\.github\\.dev(:[0-9]{1,5})?\\/.*$/","/^[^:/#?]*:\\/\\/([^#?/]*\\.)?ation126-zany-umbrella-gj5w4rpwpjcp99v\\.github\\.dev(:[0-9]{1,5})?\\/.*$/","/^[^:/#?]*:\\/\\/([^#?/]*\\.)?ation120-supreme-chainsaw-qxq9xx6jvjrh9r6w\\.github\\.dev(:[0-9]{1,5})?\\/.*$/","/^[^:/#?]*:\\/\\/([^#?/]*\\.)?github\\.com(:[0-9]{1,5})?\\/.*$/","/^[^:/#?]*:\\/\\/([^#?/]*\\.)?ation120-cuddly-space-goggles-qxq9xx65wgph44pq\\.github\\.dev(:[0-9]{1,5})?\\/.*$/","/^[^:/#?]*:\\/\\/([^#?/]*\\.)?notebooks\\.edge\\.devcloud\\.intel\\.com(:[0-9]{1,5})?\\/.*$/","/^[^:/#?]*:\\/\\/([^#?/]*\\.)?ation121-special-space-potato-qrv45jpv7gj3xpvp\\.github\\.dev(:[0-9]{1,5})?\\/.*$/","/^[^:/#?]*:\\/\\/([^#?/]*\\.)?ide\\.cs50\\.io(:[0-9]{1,5})?\\/.*$/","/^[^:/#?]*:\\/\\/([^#?/]*\\.)?jkgblog\\.com(:[0-9]{1,5})?\\/.*$/","/^[^:/#?]*:\\/\\/([^#?/]*\\.)?ation121-musical-space-trout-g9xrvj7xr9vcvj99\\.github\\.dev(:[0-9]{1,5})?\\/.*$/","/^[^:/#?]*:\\/\\/([^#?/]*\\.)?ation122-upgraded-capybara-j6rx6rwvx5qc959\\.github\\.dev(:[0-9]{1,5})?\\/.*$/","/^[^:/#?]*:\\/\\/([^#?/]*\\.)?mail\\.126\\.com(:[0-9]{1,5})?\\/.*$/","/^[^:/#?]*:\\/\\/([^#?/]*\\.)?ation3-stunning-bassoon-x6rj6j5pg74hpg65\\.github\\.dev(:[0-9]{1,5})?\\/.*$/"],"incognito_mode":"temporary","page_filter_mode":"black","page_whitelist":["/https?:\\/\\/greasyfork\\.org\\/.*/","http://xkcd.com/970/"],"require_sri_mode":"supported","scriptUpdateCheckPeriod":604800000,"script_blacklist_server":[{"rules":["/https?:\\/\\/userscripts\\.org\\/scripts\\/(source|version)/(102614).*\\.user\\.js/"],"severity":2},{"name":"SaveFrom.net helper","reason":"Shows advertisements","rules":["/https?:\\/\\/sf-addon\\.com\\/.*\\/.*\\.user\\.js/","/https?:\\/\\/.*\\.sf-helper\\.com\\/.*\\.user\\.js/"],"severity":3},{"reasons":{"en":"Used for a phishing compain to compromise users of baon-nutrition.com"},"rules":["/https?:\\/\\/files\\.ulysse\\.travel\\/.*\\.user\\.js/"],"severity":8},{"name":"Local YouTube Downloader","reasons":{"en":"Shows a disturbing alert message at every page with a youtube frame or iframe"},"rules":["/https?:\\/\\/greasyfork\\.org\\/scripts\\/369400-.*\\.user\\.js.*/"],"severity":8}],"script_include_mode":"default","statistics_enabled":false,"userscript_search_mode":"click","webrequest_fixCSP":"yes","webrequest_modHeaders":"yes"}