{"options":{"check_for_updates":true,"comment":null,"compat_foreach":false,"compat_metadata":false,"compat_powerful_this":null,"compat_prototypes":false,"compat_wrappedjsobject":false,"compatopts_for_requires":true,"noframes":null,"override":{"merge_connects":true,"merge_excludes":true,"merge_includes":true,"merge_matches":true,"orig_connects":["iqiyi.com","mgtv.com","pl.hd.sohu.com","v.qq.com"],"orig_excludes":[],"orig_includes":[],"orig_matches":["*://v.qq.com/x/cover/*","*://v.qq.com/x/page/*","*://www.iqiyi.com/v*","*://v.youku.com/v_show/*","*://www.mgtv.com/b/*","*://tv.sohu.com/v/*","*://film.sohu.com/album/*","*://www.le.com/ptv/vplay/*","*://video.tudou.com/v/*","*://v.pptv.com/show/*","*://vip.pptv.com/show/*","*://www.fun.tv/vplay/*","*://www.acfun.cn/v/*","*://www.bilibili.com/video/*","*://www.bilibili.com/anime/*","*://www.bilibili.com/bangumi/play/*","*://vip.1905.com/play/*","*://www.wasu.cn/Play/show/*","*://www.56.com/*"],"orig_noframes":null,"orig_run_at":"document-idle","use_blockers":[],"use_connects":[],"use_excludes":[],"use_includes":[],"use_matches":[]},"run_at":null,"tab_types":null,"unwrap":null},"settings":{"enabled":true,"position":47},"meta":{"name":"VIP 视频解析(优化增强版)","uuid":"b410ddd8-cbd4-4ea1-9a57-08077d87264e","modified":1655802252313,"file_url":"https://greasyfork.org/scripts/406849-vip-%E8%A7%86%E9%A2%91%E8%A7%A3%E6%9E%90-%E4%BC%98%E5%8C%96%E5%A2%9E%E5%BC%BA%E7%89%88/code/VIP%20%E8%A7%86%E9%A2%91%E8%A7%A3%E6%9E%90(%E4%BC%98%E5%8C%96%E5%A2%9E%E5%BC%BA%E7%89%88).user.js"}}