{"options":{"check_for_updates":true,"comment":null,"compat_foreach":false,"compat_metadata":false,"compat_powerful_this":null,"compat_prototypes":false,"compat_wrappedjsobject":false,"compatopts_for_requires":true,"noframes":null,"override":{"merge_connects":true,"merge_excludes":true,"merge_includes":true,"merge_matches":true,"orig_connects":[],"orig_excludes":[],"orig_includes":[],"orig_matches":["*://www.jianshu.com/p/*"],"orig_noframes":null,"orig_run_at":"document-idle","use_blockers":[],"use_connects":[],"use_excludes":[],"use_includes":[],"use_matches":[]},"run_at":null,"tab_types":null,"unwrap":null},"settings":{"enabled":true,"position":50},"meta":{"name":"去除简书右侧的推荐阅读","uuid":"c9596b29-5a41-4931-a6a7-e1a2807334b2","modified":1661481812617,"file_url":"https://greasyfork.org/scripts/393741-%E5%8E%BB%E9%99%A4%E7%AE%80%E4%B9%A6%E5%8F%B3%E4%BE%A7%E7%9A%84%E6%8E%A8%E8%8D%90%E9%98%85%E8%AF%BB/code/%E5%8E%BB%E9%99%A4%E7%AE%80%E4%B9%A6%E5%8F%B3%E4%BE%A7%E7%9A%84%E6%8E%A8%E8%8D%90%E9%98%85%E8%AF%BB.user.js"}}