{"options":{"check_for_updates":true,"comment":null,"compat_foreach":false,"compat_metadata":false,"compat_powerful_this":null,"compat_prototypes":false,"compat_wrappedjsobject":false,"compatopts_for_requires":true,"noframes":null,"override":{"merge_connects":true,"merge_excludes":true,"merge_includes":true,"merge_matches":true,"orig_connects":[],"orig_excludes":["*.jd.com*"],"orig_includes":["*search*","*bookDetail.jsp?*","*advsearch*","*book.do?go=guide*","*book.do?go=showmorelib*","*searchEBook*","*www.duxiu.com*","*n/jpgfs/book/base*","*n/slib/book/slib*"],"orig_matches":[],"orig_noframes":null,"orig_run_at":"document-idle","use_blockers":[],"use_connects":[],"use_excludes":[],"use_includes":[],"use_matches":[]},"run_at":null,"tab_types":null,"unwrap":null},"settings":{"enabled":true,"position":26},"meta":{"name":"图书互助","uuid":"208aca43-12da-403d-b12c-8133b3e23ef9","modified":1667894757158,"file_url":"https://greasyfork.org/scripts/420751-%E5%9B%BE%E4%B9%A6%E4%BA%92%E5%8A%A9/code/%E5%9B%BE%E4%B9%A6%E4%BA%92%E5%8A%A9.user.js"}}