{"options":{"check_for_updates":true,"comment":null,"compat_foreach":false,"compat_metadata":false,"compat_powerful_this":null,"compat_prototypes":false,"compat_wrappedjsobject":false,"compatopts_for_requires":true,"noframes":null,"override":{"merge_connects":true,"merge_excludes":true,"merge_includes":true,"merge_matches":true,"orig_connects":[],"orig_excludes":[],"orig_includes":[],"orig_matches":["https://*.zhihu.com/*","https://*.blog.csdn.net/*","https://*.jianshu.com/*","https://*.juejin.cn/*"],"orig_noframes":null,"orig_run_at":"document-idle","use_blockers":[],"use_connects":[],"use_excludes":[],"use_includes":[],"use_matches":[]},"run_at":null,"tab_types":null,"unwrap":null},"settings":{"enabled":true,"position":20},"meta":{"name":"屏蔽骚扰(知乎/CSDN/简书/掘金)","uuid":"359e7a32-b313-4b1f-918e-735d1ba2b1cc","modified":1639835430507,"file_url":"https://greasyfork.org/scripts/424253-%E5%B1%8F%E8%94%BD%E7%9F%A5%E4%B9%8E-csdn%E7%99%BB%E5%BD%95%E5%BC%B9%E7%AA%97-%E7%AE%80%E4%B9%A6%E6%8A%BD%E5%A5%96%E6%A1%86/code/%E5%B1%8F%E8%94%BD%E7%9F%A5%E4%B9%8ECSDN%E7%99%BB%E5%BD%95%E5%BC%B9%E7%AA%97%E3%80%81%E7%AE%80%E4%B9%A6%E6%8A%BD%E5%A5%96%E6%A1%86.user.js"}}