{"options":{"check_for_updates":true,"comment":null,"compat_foreach":false,"compat_metadata":false,"compat_powerful_this":null,"compat_prototypes":false,"compat_wrappedjsobject":false,"compatopts_for_requires":true,"noframes":null,"override":{"merge_connects":true,"merge_excludes":true,"merge_includes":true,"merge_matches":true,"orig_connects":[],"orig_excludes":[],"orig_includes":[],"orig_matches":["*://*.baidu.com/*"],"orig_noframes":null,"orig_run_at":"document-idle","use_blockers":[],"use_connects":[],"use_excludes":[],"use_includes":[],"use_matches":[]},"run_at":null,"tab_types":null,"unwrap":null},"settings":{"enabled":false,"position":14},"meta":{"name":"百度系网站去广告","uuid":"c322c5bd-f941-424b-b630-6bd785702a27","modified":1622823408939,"file_url":"https://greasyfork.org/scripts/394099-%E7%99%BE%E5%BA%A6%E7%B3%BB%E7%BD%91%E7%AB%99%E5%8E%BB%E5%B9%BF%E5%91%8A/code/%E7%99%BE%E5%BA%A6%E7%B3%BB%E7%BD%91%E7%AB%99%E5%8E%BB%E5%B9%BF%E5%91%8A.user.js"}}