{"options":{"check_for_updates":true,"comment":null,"compat_foreach":false,"compat_metadata":false,"compat_powerful_this":null,"compat_prototypes":false,"compat_wrappedjsobject":false,"compatopts_for_requires":true,"noframes":null,"override":{"merge_connects":true,"merge_excludes":true,"merge_includes":true,"merge_matches":true,"orig_connects":[],"orig_excludes":[],"orig_includes":[],"orig_matches":["*://www.zhihu.com/*","*://zhuanlan.zhihu.com/*"],"orig_noframes":null,"orig_run_at":"document-start","use_blockers":[],"use_connects":[],"use_excludes":[],"use_includes":[],"use_matches":[]},"run_at":null,"tab_types":null,"unwrap":null},"settings":{"enabled":true,"position":21},"meta":{"name":"知乎标题栏毛玻璃","uuid":"c7649f7e-b74f-48a4-ad8d-550a4ed30d88","modified":1645319542193,"file_url":"https://greasyfork.org/scripts/425860-%E7%9F%A5%E4%B9%8E%E6%A0%87%E9%A2%98%E6%A0%8F%E6%AF%9B%E7%8E%BB%E7%92%83/code/%E7%9F%A5%E4%B9%8E%E6%A0%87%E9%A2%98%E6%A0%8F%E6%AF%9B%E7%8E%BB%E7%92%83.user.js"}}