{"options":{"check_for_updates":true,"comment":null,"compat_foreach":false,"compat_metadata":false,"compat_powerful_this":null,"compat_prototypes":false,"compat_wrappedjsobject":false,"compatopts_for_requires":true,"noframes":null,"override":{"merge_connects":true,"merge_excludes":true,"merge_includes":true,"merge_matches":true,"orig_connects":[],"orig_excludes":[],"orig_includes":[],"orig_matches":["*://www.zhihu.com/question/*"],"orig_noframes":null,"orig_run_at":"document-idle","use_blockers":[],"use_connects":[],"use_excludes":[],"use_includes":[],"use_matches":[]},"run_at":null,"tab_types":null,"unwrap":null},"settings":{"enabled":true,"position":2},"meta":{"name":"知乎屏蔽自动弹出登录框，不影响正常使用，比如手动点击登录，回答，关注，收藏等","uuid":"b5d95d58-c3c3-4215-af36-b2295270b415","modified":1622820890546,"file_url":"https://greasyfork.org/scripts/414404-%E7%9F%A5%E4%B9%8E%E5%B1%8F%E8%94%BD%E8%87%AA%E5%8A%A8%E5%BC%B9%E5%87%BA%E7%99%BB%E5%BD%95%E6%A1%86-%E4%B8%8D%E5%BD%B1%E5%93%8D%E6%AD%A3%E5%B8%B8%E4%BD%BF%E7%94%A8-%E6%AF%94%E5%A6%82%E6%89%8B%E5%8A%A8%E7%82%B9%E5%87%BB%E7%99%BB%E5%BD%95-%E5%9B%9E%E7%AD%94-%E5%85%B3%E6%B3%A8-%E6%94%B6%E8%97%8F%E7%AD%89/code/%E7%9F%A5%E4%B9%8E%E5%B1%8F%E8%94%BD%E8%87%AA%E5%8A%A8%E5%BC%B9%E5%87%BA%E7%99%BB%E5%BD%95%E6%A1%86%EF%BC%8C%E4%B8%8D%E5%BD%B1%E5%93%8D%E6%AD%A3%E5%B8%B8%E4%BD%BF%E7%94%A8%EF%BC%8C%E6%AF%94%E5%A6%82%E6%89%8B%E5%8A%A8%E7%82%B9%E5%87%BB%E7%99%BB%E5%BD%95%EF%BC%8C%E5%9B%9E%E7%AD%94%EF%BC%8C%E5%85%B3%E6%B3%A8%EF%BC%8C%E6%94%B6%E8%97%8F%E7%AD%89.user.js"}}