{"options":{"check_for_updates":true,"comment":null,"compat_foreach":false,"compat_metadata":false,"compat_powerful_this":null,"compat_prototypes":false,"compat_wrappedjsobject":false,"compatopts_for_requires":true,"noframes":null,"override":{"merge_connects":true,"merge_excludes":true,"merge_includes":true,"merge_matches":true,"orig_connects":[],"orig_excludes":[],"orig_includes":[],"orig_matches":["*://*.jianshu.com/p/*","<$URL$>"],"orig_noframes":null,"orig_run_at":"document-start","use_blockers":[],"use_connects":[],"use_excludes":[],"use_includes":[],"use_matches":[]},"run_at":null,"tab_types":null,"unwrap":null},"settings":{"enabled":true,"position":13},"meta":{"name":"简书美化&&去广告","uuid":"75b8155a-6acd-4cf7-94e3-7e7cae9e68d4","modified":1632558096020,"file_url":"https://greasyfork.org/scripts/425377-%E7%AE%80%E4%B9%A6%E5%BE%AE%E6%94%B9-%E7%BE%8E%E5%8C%96/code/%E7%AE%80%E4%B9%A6%E5%BE%AE%E6%94%B9-%E7%BE%8E%E5%8C%96.user.js"}}