{"options":{"check_for_updates":true,"comment":null,"compat_foreach":false,"compat_metadata":false,"compat_powerful_this":null,"compat_prototypes":false,"compat_wrappedjsobject":false,"compatopts_for_requires":true,"noframes":null,"override":{"merge_connects":true,"merge_excludes":true,"merge_includes":true,"merge_matches":true,"orig_connects":[],"orig_excludes":[],"orig_includes":[],"orig_matches":["http://www.jianshu.com/p/*","https://www.jianshu.com/p/*"],"orig_noframes":null,"orig_run_at":"document-idle","use_blockers":[],"use_connects":[],"use_excludes":[],"use_includes":[],"use_matches":[]},"run_at":null,"tab_types":null,"unwrap":null},"settings":{"enabled":true,"position":52},"meta":{"name":"简书阅读增强脚本","uuid":"0096de59-7d08-4f8d-9782-cb20cc1b5505","modified":1661481975891,"file_url":"https://greasyfork.org/scripts/388438-%E7%AE%80%E4%B9%A6%E9%98%85%E8%AF%BB%E5%A2%9E%E5%BC%BA%E8%84%9A%E6%9C%AC/code/%E7%AE%80%E4%B9%A6%E9%98%85%E8%AF%BB%E5%A2%9E%E5%BC%BA%E8%84%9A%E6%9C%AC.user.js"}}