{"options":{"check_for_updates":true,"comment":null,"compat_foreach":false,"compat_metadata":false,"compat_powerful_this":null,"compat_prototypes":false,"compat_wrappedjsobject":false,"compatopts_for_requires":true,"noframes":null,"override":{"merge_connects":true,"merge_excludes":true,"merge_includes":true,"merge_matches":true,"orig_connects":[],"orig_excludes":[],"orig_includes":[],"orig_matches":["https://www.jianshu.com/p/*"],"orig_noframes":null,"orig_run_at":"document-idle","use_blockers":[],"use_connects":[],"use_excludes":[],"use_includes":[],"use_matches":[]},"run_at":null,"tab_types":null,"unwrap":null},"settings":{"enabled":true,"position":51},"meta":{"name":"简书新UI优化","uuid":"2d210261-e2db-4fb5-9ae1-7261fa2e1d6b","modified":1661481956674,"file_url":"https://greasyfork.org/scripts/390921-%E7%AE%80%E4%B9%A6%E6%96%B0ui%E4%BC%98%E5%8C%96/code/%E7%AE%80%E4%B9%A6%E6%96%B0UI%E4%BC%98%E5%8C%96.user.js"}}