{"ts":1670234521711,"data":{"[[baidu]]-enabled":"btrue","[[baidu]]-loose":"btrue","[[bilibili]]-loose":"bfalse","[[csdn]]-loose":"bfalse","[[douban]]-loose":"bfalse","[[google]]-loose":"bfalse","[[jianshu]]-enabled":"bfalse","[[jianshu]]-loose":"btrue","[[juejin]]-loose":"bfalse","[[segmentfault]]-loose":"bfalse","[[tieba]]-loose":"bfalse","[[toutiao]]-loose":"bfalse","[[weibo]]-loose":"bfalse","[[weixin]]-loose":"bfalse","[[zhihu]]-loose":"bfalse","notify_enabled":"bfalse","ui_visible":"bfalse"}}