{"options":{"check_for_updates":true,"comment":null,"compat_foreach":false,"compat_metadata":false,"compat_powerful_this":null,"compat_prototypes":false,"compat_wrappedjsobject":false,"compatopts_for_requires":true,"noframes":null,"override":{"merge_connects":true,"merge_excludes":true,"merge_includes":true,"merge_matches":true,"orig_connects":[],"orig_excludes":[],"orig_includes":["/^https:\\/\\/www\\.google\\..{2,7}search/","/^https:\\/\\/blog\\.csdn\\.net\\/(\\w|-)+\\/article\\/details\\//"],"orig_matches":["https://bcy.net/item/detail/*","https://mp.weixin.qq.com/s*","https://zhuanlan.zhihu.com/p/*","https://www.zhihu.com/question/*","https://www.zhihu.com/","https://www.zhihu.com/follow","https://www.zhihu.com/hot*","https://www.zhihu.com/topic*","https://juejin.cn/post/*","https://www.jianshu.com/p/*","https://www.baidu.com/s*","https://www.baidu.com/?*","https://www.baidu.com/","https://www.sogou.com/web*","https://tieba.baidu.com/p/*","https://tieba.baidu.com/f?*","https://segmentfault.com/a/*","https://segmentfault.com/q/*","https://www.bilibili.com/read/cv*","https://t.bilibili.com/*","https://space.bilibili.com/*","https://www.weibo.com/*","https://weibo.com/*","https://d.weibo.com/*","https://www.douban.com/gallery/*","https://www.douban.com/note/*","https://movie.douban.com/subject/*","https://movie.douban.com/review/*","https://www.toutiao.com/*","https://crates.io/crates/*","https://bbs.mihoyo.com/*"],"orig_noframes":true,"orig_run_at":"document-start","use_blockers":[],"use_connects":[],"use_excludes":[],"use_includes":[],"use_matches":[]},"run_at":null,"tab_types":null,"unwrap":null},"settings":{"enabled":true,"position":12},"meta":{"name":"网页宽屏","uuid":"9bfd73e5-5a89-4ab0-9bb8-fd41aa01b475","modified":1665300525291,"file_url":"https://greasyfork.org/scripts/411260-%E7%BD%91%E9%A1%B5%E5%AE%BD%E5%B1%8F/code/%E7%BD%91%E9%A1%B5%E5%AE%BD%E5%B1%8F.user.js"}}