{"options":{"check_for_updates":true,"comment":null,"compat_foreach":false,"compat_metadata":false,"compat_powerful_this":null,"compat_prototypes":false,"compat_wrappedjsobject":false,"compatopts_for_requires":true,"noframes":null,"override":{"merge_connects":true,"merge_excludes":true,"merge_includes":true,"merge_matches":true,"orig_connects":[],"orig_excludes":["/^(http|https).*[0-9]+\\.[0-9]+\\.[0-9]+\\.[0-9]+/","/.*duyaoss\\.com/","/.*lanzous\\.com/","/.*w3school.*cn/","/.*iqiyi\\.com/","/.*baidu.*/","/.*cnblogs\\.com/","/.*csdn\\.net/","/.*zhku\\.edu\\.cn/","/.*zhihuishu\\.com/","/.*aliyuncs\\.com/","/.*chaoxing\\.com/","/.*youku\\.com/","/.*examcoo\\.com/","/.*mooc\\.com/","/.*bilibili\\.com/","/.*qq\\.com/","/.*yy\\.com/","/.*huya\\.com/","/localhost/","/.*acfun\\.cn/","/.*eleme\\.cn/","/.*douyin\\.com/"],"orig_includes":["*://*"],"orig_matches":[],"orig_noframes":true,"orig_run_at":"document-idle","use_blockers":[],"use_connects":[],"use_excludes":[],"use_includes":[],"use_matches":[]},"run_at":null,"tab_types":null,"unwrap":null},"settings":{"enabled":false,"position":11},"meta":{"name":"网页翻译","uuid":"5860c9cc-04f8-4c32-968f-f9620203e8c9","modified":1626487418330,"file_url":"https://greasyfork.org/scripts/398746-%E7%BD%91%E9%A1%B5%E7%BF%BB%E8%AF%91/code/%E7%BD%91%E9%A1%B5%E7%BF%BB%E8%AF%91.user.js"}}