{"options":{"check_for_updates":true,"comment":null,"compat_foreach":false,"compat_metadata":false,"compat_powerful_this":null,"compat_prototypes":false,"compat_wrappedjsobject":false,"compatopts_for_requires":true,"noframes":null,"override":{"merge_connects":true,"merge_excludes":true,"merge_includes":true,"merge_matches":true,"orig_connects":["eemm.me"],"orig_excludes":["*www.bilibili.com/video*","*www.bilibili.com/v*","*www.bilibili.com/bangumi*","*www.youtube.com/watch*","*www.panda.tv*"],"orig_includes":[],"orig_matches":["*://*/*"],"orig_noframes":null,"orig_run_at":"document-start","use_blockers":[],"use_connects":[],"use_excludes":[],"use_includes":[],"use_matches":[]},"run_at":null,"tab_types":null,"unwrap":null},"settings":{"enabled":false,"position":15},"meta":{"name":"网页限制解除(改)","uuid":"5d7fc731-b972-4f39-bab6-17ae8f3ec569","modified":1623424889791,"file_url":"https://greasyfork.org/scripts/28497-remove-web-limits-modified/code/Remove%20web%20limits(modified).user.js"}}