{"options":{"check_for_updates":true,"comment":null,"compat_foreach":false,"compat_metadata":false,"compat_powerful_this":null,"compat_prototypes":false,"compat_wrappedjsobject":false,"compatopts_for_requires":true,"noframes":null,"override":{"merge_connects":true,"merge_excludes":true,"merge_includes":true,"merge_matches":true,"orig_connects":[],"orig_excludes":[],"orig_includes":[],"orig_matches":["*://*/*"],"orig_noframes":null,"orig_run_at":"document-start","use_blockers":[],"use_connects":[],"use_excludes":[],"use_includes":[],"use_matches":[]},"run_at":null,"tab_types":null,"unwrap":null},"settings":{"enabled":false,"position":16},"meta":{"name":"美化字体, 滚动条, 指向图片发光, 文本选中样式","uuid":"4899457b-f565-44ff-8211-ac9b7b2d518d","modified":1622821937592,"file_url":"https://greasyfork.org/scripts/415734-%E7%BE%8E%E5%8C%96%E5%AD%97%E4%BD%93-%E6%BB%9A%E5%8A%A8%E6%9D%A1-%E6%8C%87%E5%90%91%E5%9B%BE%E7%89%87%E5%8F%91%E5%85%89-%E6%96%87%E6%9C%AC%E9%80%89%E4%B8%AD%E6%A0%B7%E5%BC%8F/code/%E7%BE%8E%E5%8C%96%E5%AD%97%E4%BD%93,%20%E6%BB%9A%E5%8A%A8%E6%9D%A1,%20%E6%8C%87%E5%90%91%E5%9B%BE%E7%89%87%E5%8F%91%E5%85%89,%20%E6%96%87%E6%9C%AC%E9%80%89%E4%B8%AD%E6%A0%B7%E5%BC%8F.user.js"}}