{"options":{"check_for_updates":true,"comment":null,"compat_foreach":false,"compat_metadata":false,"compat_powerful_this":null,"compat_prototypes":false,"compat_wrappedjsobject":false,"compatopts_for_requires":true,"noframes":null,"override":{"merge_connects":true,"merge_excludes":true,"merge_includes":true,"merge_matches":true,"orig_connects":[],"orig_excludes":[],"orig_includes":[],"orig_matches":["*://*/*"],"orig_noframes":null,"orig_run_at":"document-start","use_blockers":[],"use_connects":[],"use_excludes":[],"use_includes":[],"use_matches":[]},"run_at":null,"tab_types":null,"unwrap":null},"settings":{"enabled":false,"position":24},"meta":{"name":"美化滚动条","uuid":"9bf1227c-8d21-4b2a-8766-0c0b32cbc59e","modified":1625662099349,"file_url":"https://greasyfork.org/scripts/428979-%E7%BE%8E%E5%8C%96%E6%BB%9A%E5%8A%A8%E6%9D%A1/code/%E7%BE%8E%E5%8C%96%E6%BB%9A%E5%8A%A8%E6%9D%A1.user.js"}}