{"options":{"check_for_updates":true,"comment":null,"compat_foreach":false,"compat_metadata":false,"compat_powerful_this":null,"compat_prototypes":false,"compat_wrappedjsobject":false,"compatopts_for_requires":true,"noframes":null,"override":{"merge_connects":true,"merge_excludes":true,"merge_includes":true,"merge_matches":true,"orig_connects":[],"orig_excludes":[],"orig_includes":[],"orig_matches":["*://3g.163.com/.*?/article/*","*://*.360doc.com/content/*","*://*.36kr.com/p/*","*://*.5axxw.com/questions/content/*","*://baijiahao.baidu.com/s*","*://jingyan.baidu.com/article/*","*://mbd.baidu.com/newspage/data/dtlandingwise*","*://mbd.baidu.com/newspage/data/landingshare*","*://tieba.baidu.com/p/*","*://wenku.baidu.com/view/*","*://zhidao.baidu.com/question/*","*://*.bilibili.com/read/mobile?id=*","*://blog.didispace.com/*","*://m.huxiu.com/article/*","*://news.ifeng.com/c/*","*://*.it1352.com/*","*://*.jb51.cc/*","*://*.jianshu.com/p/*","*://*.k4china.com/*","*://*.q578.com/*","*://xw.qq.com/amphtml/*","*://xw.qq.com/cmsid/*","*://k.sina.cn/*","*://3g.k.sohu.com/t/*","*://m.sohu.com/a/*","*://*.tofacebook.com/view/*","*://m.wang1314.com/doc/webapp/topic/*","*://weibo.com/ttarticle/p/show*","*://card.weibo.com/article/m/show/id/*","*://*.xcc.com/newdetail/*","*://*.yiidian.com/*","*://*.zhihu.com/question/*"],"orig_noframes":null,"orig_run_at":"document-idle","use_blockers":[],"use_connects":[],"use_excludes":[],"use_includes":[],"use_matches":[]},"run_at":null,"tab_types":null,"unwrap":null},"settings":{"enabled":true,"position":40},"meta":{"name":"自动展开隐藏内容","uuid":"f03461fe-7b84-4666-a395-253011206ec4","modified":1665300527318,"file_url":"https://greasyfork.org/scripts/436044-%E8%87%AA%E5%8A%A8%E5%B1%95%E5%BC%80%E9%9A%90%E8%97%8F%E5%86%85%E5%AE%B9/code/%E8%87%AA%E5%8A%A8%E5%B1%95%E5%BC%80%E9%9A%90%E8%97%8F%E5%86%85%E5%AE%B9.user.js"}}