{"options":{"check_for_updates":true,"comment":null,"compat_foreach":false,"compat_metadata":false,"compat_powerful_this":null,"compat_prototypes":false,"compat_wrappedjsobject":false,"compatopts_for_requires":true,"noframes":null,"override":{"merge_connects":true,"merge_excludes":true,"merge_includes":true,"merge_matches":true,"orig_connects":[],"orig_excludes":[],"orig_includes":["*://*"],"orig_matches":[],"orig_noframes":null,"orig_run_at":"document-idle","use_blockers":[],"use_connects":[],"use_excludes":["/^[^:/#?]*:\\/\\/([^#?/]*\\.)?www\\.baidu\\.com(:[0-9]{1,5})?\\/.*$/"],"use_includes":[],"use_matches":[]},"run_at":null,"tab_types":null,"unwrap":null},"settings":{"enabled":true,"position":18},"meta":{"name":"页面自动拼接","uuid":"413a560f-6b8a-4433-b03b-7148ae7de8e1","modified":1622823662479,"file_url":"https://greasyfork.org/scripts/389621-%E9%A1%B5%E9%9D%A2%E8%87%AA%E5%8A%A8%E6%8B%BC%E6%8E%A5/code/%E9%A1%B5%E9%9D%A2%E8%87%AA%E5%8A%A8%E6%8B%BC%E6%8E%A5.user.js"}}