{"options":{"check_for_updates":false,"comment":null,"compat_foreach":false,"compat_metadata":false,"compat_powerful_this":null,"compat_prototypes":false,"compat_wrappedjsobject":false,"compatopts_for_requires":true,"noframes":null,"override":{"merge_connects":true,"merge_excludes":true,"merge_includes":true,"merge_matches":true,"orig_connects":["*"],"orig_excludes":[],"orig_includes":["*"],"orig_matches":[],"orig_noframes":null,"orig_run_at":"document-idle","use_blockers":[],"use_connects":[],"use_excludes":[],"use_includes":[],"use_matches":[]},"run_at":null,"tab_types":null,"unwrap":null},"settings":{"enabled":true,"position":9},"meta":{"name":"🔥🔥🔥超级工具🔥🔥🔥","uuid":"f4377e1e-b160-4ad7-8b62-974c915c13a0","modified":1625662915196,"file_url":"https://greasyfork.org/scripts/426302-%E8%B6%85%E7%BA%A7%E5%B7%A5%E5%85%B7/code/%F0%9F%94%A5%F0%9F%94%A5%F0%9F%94%A5%E8%B6%85%E7%BA%A7%E5%B7%A5%E5%85%B7%F0%9F%94%A5%F0%9F%94%A5%F0%9F%94%A5.user.js"}}